numbers-int,first_name,last_name,email,gender,ip_address,dates,bools,floats
19,Olympia,Samms,osamms0@miibeian.gov.cn,Agender,192.71.74.138,02/12/2021,true,67.9
52,Raddie,Hundley,rhundley1@webs.com,Genderfluid,222.219.70.116,09/26/2020,false,33.75
93,Germayne,Cowpland,gcowpland2@google.pl,Non-binary,244.57.127.208,04/14/2020,false,91.99
26,Celestia,Bulleyn,cbulleyn3@howstuffworks.com,Non-binary,29.252.104.82,04/20/2020,false,47.28
46,Erv,Storah,estorah4@japanpost.jp,Female,33.58.43.3,04/15/2020,false,17.81
99,Caitlin,Loughman,cloughman5@t.co,Genderfluid,200.46.171.173,08/06/2020,true,80.97
60,Ty,Sugg,tsugg6@cafepress.com,Male,232.68.50.12,10/15/2020,false,18.64
89,Dacia,Manders,dmanders7@is.gd,Polygender,41.47.109.243,01/21/2021,true,85.51
92,Joletta,Morton,jmorton8@globo.com,Non-binary,225.186.212.25,11/06/2020,true,94.43
40,Keslie,Kerley,kkerley9@biblegateway.com,Agender,133.153.91.156,11/13/2020,true,87.91
78,Brad,Ghirigori,bghirigoria@networkadvertising.org,Polygender,245.87.236.239,01/22/2021,false,54.81
6,Selby,Cranage,scranageb@mayoclinic.com,Polygender,110.114.120.26,03/07/2021,true,37.47
54,Kaitlin,Vasyutichev,kvasyutichevc@phoca.cz,Bigender,254.115.252.9,11/02/2020,false,8.95
65,Irving,Crystal,icrystald@weather.com,Female,143.78.253.210,01/15/2021,false,33.12
98,Loralee,Burel,lburele@goodreads.com,Genderqueer,252.57.231.20,01/26/2021,true,30.28
18,Maxwell,Reubel,mreubelf@t-online.de,Genderfluid,39.149.112.20,07/07/2020,true,8.33
44,Honoria,Borrow,hborrowg@alibaba.com,Genderfluid,157.97.71.174,09/01/2020,true,24.45
61,Luther,Marc,lmarch@craigslist.org,Male,223.202.31.42,04/29/2020,false,65.54
29,Jacinta,Karchewski,jkarchewskii@omniture.com,Male,9.247.138.145,06/02/2020,true,66.04
36,Ashly,Jarnell,ajarnellj@yellowpages.com,Female,93.157.113.181,12/26/2020,false,23.9
