numbers-int,first_name,last_name,email,gender,ip_address,dates,bools,floats
74,Caril,Ivachyov,civachyov0@nih.gov,Female,142.158.161.150,11/09/2020,false,29.9
10,Mariejeanne,Melliard,mmelliard1@artisteer.com,Polygender,80.101.140.167,12/20/2020,false,65.95
4,Yorgos,Merwede,ymerwede2@opera.com,Agender,182.72.245.157,08/23/2020,true,64.06
97,Padraic,Villa,pvilla3@goodreads.com,Polygender,161.157.81.174,05/20/2020,false,8.26
92,Mala,Riglar,mriglar4@mapquest.com,Non-binary,248.189.223.92,03/02/2021,true,91.44
60,Adeline,Harman,aharman5@hp.com,Female,198.188.118.170,06/28/2020,true,6.27
92,Freemon,Kristoffersen,fkristoffersen6@google.com.hk,Agender,209.190.54.219,10/25/2020,true,3.57
65,Ailyn,Stollberger,astollberger7@google.ru,Male,195.30.244.185,12/22/2020,false,70.19
77,Maurita,Galliford,mgalliford8@yolasite.com,Female,219.217.109.60,06/29/2020,false,61.62
3,Maryjane,Pim,mpim9@virginia.edu,Male,85.122.217.51,03/09/2021,false,86.56
28,Lindi,Sammut,lsammuta@si.edu,Agender,40.201.53.8,04/10/2020,false,97.34
59,Charmain,O'Hanley,cohanleyb@tiny.cc,Genderqueer,161.182.192.170,11/05/2020,false,32.2
82,Hi,Dennerley,hdennerleyc@pbs.org,Genderqueer,147.117.137.22,07/11/2020,true,20.47
75,Paige,Greenfield,pgreenfieldd@cbslocal.com,Bigender,204.156.98.221,07/05/2020,true,95.8
97,Nevins,Cauderlie,ncauderliee@cnn.com,Male,162.67.234.162,12/28/2020,false,33.47
29,Weidar,Tripon,wtriponf@google.co.jp,Bigender,188.185.111.88,04/26/2020,false,24.92
57,Aeriell,Serginson,aserginsong@networksolutions.com,Polygender,153.17.192.218,05/13/2020,false,67.06
30,Rodney,Margaritelli,rmargaritellih@digg.com,Agender,130.42.155.142,09/08/2020,true,81.88
50,Jaynell,Penhall,jpenhalli@elpais.com,Female,95.33.7.215,11/21/2020,false,66.98
83,Ludovika,Strase,lstrasej@smh.com.au,Agender,210.124.168.67,02/18/2021,false,44.37
