numbers-int,first_name,last_name,email,gender,ip_address,dates,bools,floats
9,Scottie,Grgic,sgrgic0@addthis.com,Agender,134.190.188.212,04/30/2020,true,87.49
9,Betti,Dicty,bdicty1@hexun.com,Agender,153.12.94.86,10/28/2020,true,33.4
71,Philbert,Bowle,pbowle2@t-online.de,Genderqueer,106.153.246.45,05/12/2020,false,56.71
87,Inglis,French,ifrench3@cafepress.com,Female,161.187.57.178,04/18/2020,true,76.37
91,Robbyn,Moysey,rmoysey4@umich.edu,Female,127.54.160.235,09/06/2020,false,35.41
88,Esma,Bole,ebole5@narod.ru,Female,140.56.91.229,07/20/2020,true,80.89
63,Tabbie,Dymidowicz,tdymidowicz6@about.me,Genderqueer,165.93.228.17,02/05/2021,true,1.67
1,Cristobal,Petters,cpetters7@reference.com,Bigender,65.87.2.32,06/04/2020,true,81.32
52,Sydney,Onge,songe8@youku.com,Male,232.76.198.91,10/02/2020,true,8.09
28,Elmira,Linnard,elinnard9@si.edu,Genderqueer,127.1.50.197,07/22/2020,false,40.74
14,Eloise,Persence,epersencea@ed.gov,Polygender,161.184.245.206,03/10/2021,false,19.47
19,Alain,Clail,aclailb@shop-pro.jp,Polygender,138.109.138.189,05/23/2020,true,98.84
26,Talbert,McTrustam,tmctrustamc@geocities.com,Polygender,172.191.111.45,01/09/2021,false,94.39
16,Stevy,Friberg,sfribergd@bravesites.com,Polygender,201.111.86.66,11/11/2020,false,61.9
52,Jeni,Wegenen,jwegenene@upenn.edu,Non-binary,17.201.159.241,07/28/2020,false,68.53
24,Rena,Chopy,rchopyf@digg.com,Bigender,137.48.106.109,10/01/2020,false,75.8
50,Ricca,Balstone,rbalstoneg@usatoday.com,Genderqueer,237.185.146.50,07/08/2020,true,86.83
34,Ranique,Forder,rforderh@ucoz.com,Female,234.45.155.78,06/27/2020,false,23.65
50,Rianon,Castan,rcastani@example.com,Polygender,49.8.163.80,11/30/2020,false,96.19
67,Clifford,Leftwich,cleftwichj@smh.com.au,Male,149.252.71.18,06/19/2020,true,78.85
