numbers-int,first_name,last_name,email,gender,ip_address,dates,bools,floats
82,Clerkclaude,Hanhard,chanhard0@ucoz.com,Bigender,31.63.79.108,07/27/2020,true,99.16
37,Benoit,O'Howbane,bohowbane1@wufoo.com,Female,215.244.49.130,08/27/2020,false,62.46
62,Xerxes,Melvin,xmelvin2@blogtalkradio.com,Polygender,89.187.117.126,06/18/2020,false,26.45
18,Cass,Advani,cadvani3@smh.com.au,Genderfluid,121.208.91.45,12/24/2020,false,67.27
47,Devondra,McKeown,dmckeown4@trellian.com,Male,78.251.197.82,12/02/2020,true,74.5
65,Giulio,Fyndon,gfyndon5@discuz.net,Non-binary,177.239.11.250,09/17/2020,true,5.34
48,Rickey,Aartsen,raartsen6@tuttocitta.it,Female,109.199.145.238,11/03/2020,true,21.19
55,Brittani,Lanegran,blanegran7@newsvine.com,Genderqueer,130.77.15.150,12/13/2020,false,17.5
39,Ignaz,Guthrum,iguthrum8@bizjournals.com,Bigender,170.171.105.200,12/21/2020,true,76.03
44,Edy,Joselevitz,ejoselevitz9@cam.ac.uk,Male,48.20.190.15,02/26/2021,true,65.06
54,Norean,Bellows,nbellowsa@constantcontact.com,Male,61.230.54.69,03/20/2021,true,3.02
33,Gayelord,Slemming,gslemmingb@typepad.com,Bigender,145.36.49.39,11/22/2020,true,25.83
25,Mickie,Charnick,mcharnickc@disqus.com,Female,150.114.42.154,02/13/2021,false,69.47
3,Kandace,Laimable,klaimabled@msn.com,Female,68.176.159.187,04/06/2020,false,17.24
33,Pennie,Oherlihy,poherlihye@tripod.com,Genderfluid,238.10.187.109,12/22/2020,false,18.97
90,Mavis,Dansey,mdanseyf@globo.com,Genderqueer,56.43.255.218,07/08/2020,true,58.1
12,Graham,Lynde,glyndeg@sphinn.com,Male,95.76.178.78,04/23/2020,false,44.93
42,Margi,Mogey,mmogeyh@cargocollective.com,Male,166.143.90.60,06/21/2020,false,75.15
80,Pryce,McIlriach,pmcilriachi@xinhuanet.com,Agender,103.112.118.155,04/09/2020,false,52.84
15,Noelyn,Daintier,ndaintierj@omniture.com,Female,20.90.60.168,10/27/2020,false,54.33
